Company,Year,Revenue,Net Income,Total Assets,Total Liabilities,Operating Cash Flow,Currency,Unit,Source Filing
Microsoft,2023,211915,72361,411976,205753,87582,USD,millions,2023 10-K filed 2023-07-27
Microsoft,2024,245122,88136,512163,243686,118548,USD,millions,2024 10-K filed 2024-07-30
Microsoft,2025,281724,101832,619003,275524,136162,USD,millions,2025 10-K filed 2025-07-30
Tesla,2023,96773,14997,106618,43009,13256,USD,millions,2023 10-K filed 2024-01-29
Tesla,2024,97690,7091,122070,48390,14923,USD,millions,2024 10-K filed 2025-01-30
Tesla,2025,94827,3794,137806,54941,14747,USD,millions,2025 10-K filed 2026-01-29
Apple,2023,383285,96995,352583,290437,110543,USD,millions,2023 10-K filed 2023-11-03
Apple,2024,391035,93736,364980,308030,118254,USD,millions,2024 10-K filed 2024-11-01
Apple,2025,416161,112010,359241,285508,111482,USD,millions,2025 10-K filed 2025-10-31
