Company,Year,Revenue,Net Income,Total Assets,Total Liabilities,Operating Cash Flow,Currency,Unit,Source Filing,Revenue YoY (%),Net Income YoY (%),Operating Cash Flow YoY (%),Net Margin (%),Operating Cash Flow Margin (%),Liabilities to Assets (%)
Apple,2023,383285,96995,352583,290437,110543,USD,millions,2023 10-K filed 2023-11-03,,,,25.31,28.84,82.37
Apple,2024,391035,93736,364980,308030,118254,USD,millions,2024 10-K filed 2024-11-01,2.02,-3.36,6.98,23.97,30.24,84.4
Apple,2025,416161,112010,359241,285508,111482,USD,millions,2025 10-K filed 2025-10-31,6.43,19.5,-5.73,26.92,26.79,79.48
Microsoft,2023,211915,72361,411976,205753,87582,USD,millions,2023 10-K filed 2023-07-27,,,,34.15,41.33,49.94
Microsoft,2024,245122,88136,512163,243686,118548,USD,millions,2024 10-K filed 2024-07-30,15.67,21.8,35.36,35.96,48.36,47.58
Microsoft,2025,281724,101832,619003,275524,136162,USD,millions,2025 10-K filed 2025-07-30,14.93,15.54,14.86,36.15,48.33,44.51
Tesla,2023,96773,14997,106618,43009,13256,USD,millions,2023 10-K filed 2024-01-29,,,,15.5,13.7,40.34
Tesla,2024,97690,7091,122070,48390,14923,USD,millions,2024 10-K filed 2025-01-30,0.95,-52.72,12.58,7.26,15.28,39.64
Tesla,2025,94827,3794,137806,54941,14747,USD,millions,2025 10-K filed 2026-01-29,-2.93,-46.5,-1.18,4.0,15.55,39.87
